assertion	agreement score
 19% Mehrwertsteuern auf Tampons zahlen zu müssen und nicht 7% ist eine eine dreiste Benachteiligung für weibliche Biologie wie Menstruation.	0,634146341
 Ab und zu eine erzieherische Ohrfeige hat noch niemand geschadet, auch nicht der Gattin.	0,024390244
 Abteilungen die von einem Geschlecht dominiert werden tendieren dazu sexistisch zu sein.	0,512195122
 Alle Feministinnen sind Lesben.	0
 Alle Mädchen lieben Pferde.	0
 Alle Menschen müssen bei gleicher Qualifikation dieselben Chancen haben, den Beruf ihrer Wahl auszuüben.	1
 Alleinerziehende Mütter sind Heldinnen.	0,829268293
 Alles was eine Frau tun muss, ist ihren Mann zu befriedigen	0,024390244
 Als Frau bist du halt die gefickte und als Mann bist du der fickende. Das zeigt schon wer aktiv und wer passiv in der Gesellschaft ist.	0,097560976
 Alte Männer haben ein Problem mit emanzipierten Frauen.	0,731707317
 Angela Merkel hat durch ihre "Gäste" die Situation von Frauen viel mehr verschlimmert als alle männlichen Kanzler vor ihr.	0,12195122
 Auch bei der Bundeswehr können Frauen das gleiche Leisten wie Männer.	0,87804878
 Auf "alle Frauen sind..." folgte noch nie eine Aussage von Wert.	0,609756098
 Bei der Bundeswehr sollen die Anforderungen für Männer und Frauen gleich sein.	0,487804878
 Bei der Wahl von Gleichstellungsbeauftragten sollte es immer eine Doppelspitze aus einem Mann und einer Frau geben.	0,780487805
 Bei einer Satzung oder einem Vertrag muss nicht generell die männliche und weibliche Form genannt werden.	0,536585366
 Bei gleicher Leistung haben Frauen und Männer gleiche Möglichkeiten.	0,243902439
 Bei gleicher Qualifikation sind Frauen zu bevorzugen, alles andere ist Diskriminierung.	0,243902439
 Beide Geschlechter sollten gleich bezahlt werden.	1
 Bereits individuell geringfügige Benachteiligungen aufgrund des Geschlechts können kumulativ schnell signifikant werden.	0,902439024
 Biologische Unterschiede zwischen den Geschlechtern entstehen durch Sozialisation.	0,292682927
 Das ganze sprachliche Genderzeugs ist Quatsch und lästig.	0,390243902
 Das Herabsenken physischer Mindeststandards für Frauen in Rettungsberufen ist gefährlich.	0,487804878
 Das kirchliche Arbeitsrecht ist ein großes Hindernis für die Gleichstellung von Mann und Frau und sollte schon deswegen abgeschafft werden.	0,56097561
 Das Mutterkreuz war im Kern der Sache ein wirksamer Anreiz zur Familiengründung und wird in Frankreich so ähnlich immer noch verliehen.	0,12195122
 Das Nicht-Übereinstimmen von Geschlecht und Geschlechtsidentität ist wie eine biologische Krankheit zu behandeln.	0,170731707
 Das Scheidungsrecht sollte Geschlechtsneutraler umgearbeitet werden, auch bzgl auf Sorgerecht.	0,87804878
 Das Unterlassen von Gendern in Arbeiten schließt Frauen systematisch aus.	0,317073171
 Das Vergewaltigungsopfer ist selbst dafür (teils) verantwortlich.	0,024390244
 Das Ziel des Femismus ist Gleichberechtigung von Mann und Frau.	0,87804878
 Dass es Frauen gibt, die stärker und in männerdominierten Sportarten besser sind als der Durchschnittsmann beweist, dass Frauen Männern in nichts nachstehen.	0,707317073
 Den Frauen bei uns geht es besser als in anderen Ländern. Deswegen jammern die Frauen bei uns auf "hohem Niveau".	0,390243902
 Der aktuelle Drang zur Emanzipation schlägt teilweise um in eine Rachsucht.	0,365853659
 Der Druck, besonders männlich wirken zu müssen, schadet Männern.	0,87804878
 Der Feminismus schadet der Gesellschaft massiv, weil eine gesunde Gesellschaft starke Familien und eine gesunde Anzahl Kinder (2.1 Geburten pro Frau) braucht um zu überleben. Während eine Gleichberechtigung von Frauen etwas positives ist, zwing die neue soziale Realität Frauen sich gegen Kinder/Familie zu entscheiden, was langfristig der Gesellschaft enormen Schaden zufügt. Auch für die Frauen selbst ist die "neue Freiheit" potential nicht besser als das alte, starre Rollenbild.	0,146341463
 Der Gender Pay Gap existiert nicht / lässt sich rational begründen.	0,024390244
 Der Gender Pay Gap ist keine systematische Benachteiligung von Frauen, sondern Resultat der eigenen Entscheidungen von Frauen (Im Durchschnitt kürzere Arbeitswege, weniger Arbeitsstunden, geringere Wettkampfbereitschaft, weniger Patente, weniger Gehaltserhöhungsanfragen, ...).	0,219512195
 Der Mann ist für das Finanzielle zuständig.	0,024390244
 Der neue Feminismus ist eine von der CIA geförderte und verbreitete Ideologie und dient der psychologischen Kriegsführung.	0
 Der Plan dass deutsche Frauen mehr arbeiten soll nur dafür sorgen dass weniger Kinder zur Welt kommen. Dann ist mehr Platz für die "Merkelgäste".	0,048780488
 Der Wandel hin zur Karrierefrau ist verantwortlich für den Geburtenrückgang in den Industrieländern.	0,512195122
 Der Weltfrauentag ist großer Unsinn, solange es keinen dementsprechenden Weltmännertag gibt, der die Probleme männlicher Personen in unserer Gesellschaft thematisiert.	0,292682927
 Der Wunsch nach einem starken Mann steht mit der aktuellen Feminismus-Debatte im absoluten Widerspruch.	0,243902439
 Derzeitige Darstellung von Gleichstellungsfragen in den Medien ist einseitig und zum Vorteil von Frauen.	0,365853659
 Die #metoo-Bewegung ist hysterisch.	0,146341463
 Die allgemeine Bezeichnung eines Berufes (z.B. der Bäcker, der Postbote, der Polizist) ist geschlechtsneutral. Sie stellt kein Geschlecht über das andere.	0,536585366
 Die Aussage: "Aber was ist mit uns Männern?" ist völlig hirnverbrannt.	0,414634146
 Die ausufernde Unkorrektheit von Präsident Trump (und die Toleranz der Gesellschaft gegenüber jene) bezüglich Frauen hat nichts mit einem Patriarchat, sondern mehr mit der Tatsache zu tun, dass Personen in der westlichen Welt über Geld zu einem unglaublichen Maß an gesellschaftlicher Macht kommen können.	0,56097561
 Die Denk- und Handlungsweisen beider Geschlechter unterscheiden sind nur gering.	0,585365854
 Die Diskriminierung / Nachteile von Männern wird / werden viel zu wenig in der Öffentlichkeit und von FeministInnen thematisiert, besonders im Vergleich zur Benachteiligungen von Frauen.	0,658536585
 Die Diskussion um Vokabeln lenkt von der eigentlichen gesellschaftlichen Problematik ab: Akzeptanz.	0,804878049
 Die Erwartungen, die man an einer Frau hat hinsichtlich was sie im Haushalt zu erledigen hat und wie sie ihr Kind zu erziehen hat, hat einen starken Einfluss auf ihre Karriere - wie lange sie in vor Ort ihre Arbeit verrichtet und ihre Arbeit von den Kollegen anerkannt wird und somit auch ihre Aufstiegschancen und die Frauenquote in den Führungspositionen.	0,926829268
 Die Feminismusbewegung pickt sich die Rosinen heraus, ohne tatsächliche Gleichstellung in beide Richtungen anzustreben.	0,365853659
 Die feministische Bewegung war notwendig (erste und zweite Welle), sie hat ihre Aufgabe voll erfüllt. Wir brauchen das jetzt nicht mehr.	0,024390244
 Die Frauenquote ist ansatzweise sinnvoll.	0,87804878
 Die Frauenquote ist Quatsch.	0,097560976
 Die Frauenquote schadet dem Emanzipationsansinnen mehr, als sie nutzt.	0,317073171
 Die Führung der Bundeswehr reagiert mittlerweile "panisch" und mit völlig übertriebenem Aktionismus auf jeden Vorwurf der Diskriminierung. Das führt am Ziel vorbei.	0,463414634
 Die Gender-Pay-Gap ist kein Problem des Sexismus oder ein Konstrukt des Patriarchats.	0,146341463
 Die Geschlechter sind nicht immer gleich, jedoch nicht minderwertiger.	0,926829268
 Die geschlechtsspezifschen Gesundheitsrisiken von Männern und Frauen werden in der Gesellschaft gleichwertig wahrgenommen.	0,243902439
 Die Gesellschaft bürdet Frauen zu viel Verantwortung für Nachwuchs auf.	0,780487805
 Die Gleichberechtigung der Frau ist nicht durch Quoten und Gesetztesvorgaben zu erreichen, sondern erfordert ein radikales gesamtgesellschaftliches umdenken.	0,975609756
 Die Kindheit sollte nicht von den Geschlechterrollen beeinflusst werden (Bsp.: Junge bekommt Experimenrierkasten / Mädchen Puppe geschenkt)	0,87804878
 Die meisten Frauen haben kein tieferes Interesse an Dingen außerhalb ihres sozialen Nahbereichs.	0,073170732
 Die meisten Männer sind frauenfeindlich, ohne sich dessen bewusst zu sein.	0,585365854
 Die meisten Männerberufe sind zu hart für Frauen.	0,073170732
 Die Politik tut alles um die Gleichstellung der Frau zu realisieren.	0,12195122
 Die Regierung setzt sich nicht genug für die Gleichberechtigung der Geschlechter ein.	0,853658537
 Die sozialen Medien beeinflussen die Stereotypen vom Frausein und Mannsein stark und dieses beeinflusst auch die Jugend, die aufwächst, während sie solchen Werten ausgesetzt ist.	0,87804878
 Die Unterschiede zwischen Mann und Frau sind vor allem biologisch bedingt.	0,609756098
 Die Work-Life-Balance (in Bezug auf Haushalt, Organisation, Freizeit, Familienbande pflegen, Ernährung usw.) funktioniert besser, wenn in einer Ehe nur ein Partner berufstätig ist.	0,243902439
 Durch die Frauenrevolution, den neuen Feminismus und das Wahlrecht wird die Politik mehr von Gefühlen, Über-Moralisierung, Gruppendenken und blinde Xenophilie (Open Borders) bestimmt als von rationalen zur Sache relevanten Argumenten, das schadet der Politik. Beispiel: Masseneinwanderung mit blinder mütterlicher Liebe/Idealisierung des Fremden, bei Widerspruch ist man sofort ein Hetzer und Nazi, Reduktion der Meinungsfreiheit (NetzDG) da Frauen tendenziell eher von freier/aggressiver Rede emotional belastet sind (belegt durch Studien)	0,195121951
 Durchschnittliche Gehaltsunterschiede zwischen Frauen und Männern entstehen durch Diskriminierung.	0,780487805
 Ehe und Kinder sind speziell für Frauen ein finanzielles Risiko und machen Frauen unglücklich.	0,073170732
 Eine Abtreibung sollte auch mit dem Vater mitentschieden werden.	0,634146341
 Eine Frau, die sich freizügig anzieht, ist nicht unschuldig daran, wenn sie angemacht wird.	0,073170732
 Eine Frauenquote in sozialen Berufen ist absolut richtig.	0,268292683
 Eine Frauenquote ist keine elegante Lösung, aber für eine Übergangszeit notwendig.	0,829268293
 Eine Gesellschaft die meritokratisch aufgebaut ist, ist per se patriarchalisch, da Männer Frauen kognitiv wie physisch überlegen sind.	0
 Eine Gesellschaft in der Frauen die Macht haben verkommt schnell.	0,048780488
 Eine Gleichberechtigung kommt nur unter gleichen in Frage, nicht aber unter ungleichen.	0,146341463
 Eine klassische Rollenverteilung in der Ehe ist zu bevorzugen.	0,048780488
 Eine Männerquote in sozialen Berufen ist notwendig.	0,56097561
 Eine strukturelle Benachteiligung von Männern gibt es nirgendwo.	0,170731707
 Erwartungen und genderspezifische Erziehung beeinflusst stark die Entwicklung und Persönlichkeitsentfaltung eines Kindes und kann schnell der Grund für Blockaden im Hirn führen, wodurch man Mädchen ihre Zukunft verbaut.	0,853658537
 Es besteht eine tiefgehende strukturelle Ungleichbehandlung von Frauen und Männern, die bereits in der frühen Kindheit beginnt.	0,951219512
 Es darf keine Bevorzugung nur aufgrund des Geschlechtes geben.	0,975609756
 Es gibt biologische Unterschiede zwischen Mann und Frau.	0,951219512
 Es gibt eine durchschnittliche Frau und einen durchschnittlichen Mann, deren Interessen nicht uebereinstimmen. Von daher sind Unterschiede unvermeindlich	0,658536585
 Es gibt einen Gender-Paygap von >20%, der sich ausschließlich auf das Geschlecht zurückführen lässt.	0,585365854
 Es gibt Frauen die Vergewaltigungen genießen. Diese Art von Frauen bilden den nicht-lesbischen Anteil von Gutmenschparteien wie den Grünen.	0
 Es gibt Frauen und es gibt Männer. Und es gibt Ausnahmen. Ausnahmen sollen (wie jeder andere) existieren dürfen und Rechte haben. Aber die sollen auch bitte Ausnahmen bleiben.	0,243902439
 Es gibt Frauenberufe und es gibt Männerberufe.	0,146341463
 Es gibt Gründe, eine Frau zu schlagen. Es sind die selben beiden Gründe um einen Mann zu schlagen: Notwehr- oder Nothilfesituation, Einverständnis der Person (in einem sexuellen Zusammenhang etwa).	0,682926829
 Es gibt keinen Genderpaygap, der Erwerbsunterschied spiegelt in etwa dem Leistuns-, Verantwortungs und Studenunterschied wider.	0,024390244
 Es gibt nur deshalb weniger Frauen in naturwissenschaftlichen Berufszweigen, weil diese von kleinauf entsprechend konditioniert werden.	0,707317073
 Es gibt Vorurteile gegenüber Frauen in Managerpositionen.	0,951219512
 Es gibt zu wenig Frauen in Führungspositionen, selbst in Branchen in denen die Mehrheit Frauen sind.	0,926829268
 Es ist nicht möglich eine Gleichberechtigung zwischen Männern und Frauen zu erreichen, da Frauen keine klare Definition von Gleichberechtigung kennen.	0,024390244
 Es ist überflüssig und kontraproduktiv, auf geschlechtlich gleichmäßige Belegung aller Berufsfelder zu beharren.	0,390243902
 Es mangelt der Bewegung des Feminismus an einem Ziel.	0,243902439
 Es muss mehr dafür getan werden, dass Männer im Durchschnitt genauso alt werden wie Frauen.	0,56097561
 Es sollte der Gesellschaft selbst ueberlassen sein, wie die Verteilung der Geschlechter in welchen Gebieten aussieht	0,317073171
 Es sollte mehr Aufklärung für Leute ab 40 geben, was Gleichstellung eigentlich ist.	0,829268293
 Es wird kein Mädchen/keine Frau vom Karrierewunsch bei der Polizei abgeschreckt. Die Namensgebung der Berufsfelder spielt keine Rolle.	0,634146341
 Familienleben und Kindererziehung funktioniert besser, wenn einer der beiden Partner nicht berufstätig ist.	0,317073171
 Feminismus braucht man heute nicht mehr.	0,024390244
 Feminismus existiert nur, um hässliche Frauen in die Gesellschaft zu integrieren.	0
 Feminismus hilft allen Menschen	0,609756098
 Feminismus ist für die absolute Gleichstellung der Geschlechter und demnach notwendig.	0,951219512
 Feminismus ist kein notwendiger Aktivismus. Frauen geht es doch gut.	0
 Feminismus ist nach wie vor notwendig.	0,926829268
 Feminismus ist nicht gut, da die Bewegung nur für die Rechte der Frauen kämpft, anstatt was viele Feministinnen auch wollen, die Gleichberechtigung der Männer.	0,390243902
 Feminismus ist nicht mehr nötig in Europa.	0,073170732
 Feminismus ist nichts anderes als gesellschaftliche Hysterie.	0,024390244
 Feminismus verhält sich zur Befürwortung der Gleichberechtigung der Geschlechter so, wie sich militanter Rechtsextremismus zum Rechtsliberalismus verhält.	0,097560976
 Feminismus vertritt nur ein spezielles Lebensmodell und steht nicht für alle Frauen - insbesondere benachteiligt es andere Lebensmodelle als eine kinderlose Karriere.	0,292682927
 Feminismus wird in Deutschland nicht mehr benötigt.	0,024390244
 Feminist*innen gehen zu weit/übertreiben.	0,243902439
 Feministen sind ausschließlich oder überwiegend angetrieben durch Männerhass.	0,097560976
 Feministen sind für Männer eine ernste Gefahr.	0,097560976
 Feministen sind männerhassende Frauen, die selber kein Glück im Leben gefunden haben.	0,024390244
 Feministen sind unrasiert, untervögelte Alt-hippies.	0
 Feministinnen fordern Gleichberehcitgung in der Öffentlichkeit, wünschen sich heimlich den gangbang mit negern.	0,024390244
 Feministinnen sind Abschaum, die das Volk vernichten wollen.	0
 FeministInnen sind Männerhasser.	0,024390244
 Forderungen nach geschlechtergerechter Sprache sind zu unterstützen.	0,536585366
 Frauen altern wie Milch, Männer altern wie Wein.	0,024390244
 Frauen bereichern zwar die Bundeswehr (menschlich) aber haben da eigentlich nichts verloren. (u.a. wegen dem Beschützerinstinkt der Kameraden in kritischen Situationen)	0
 Frauen brauchen keinen Feminismus, weil sie hier doch nicht mehr unterdrückt werden.	0,048780488
 Frauen die sich sexy kleiden müssen sich nicht wundern wenn der Ali über sie herfällt.	0,048780488
 Frauen erfinden Vergewaltigungen/sexuellen Missbrauch nur für Aufmerksamkeit (#metoo).	0,097560976
 Frauen gehen meist viel schlimmer mit anderen Frauen um als Männer mit Frauen umgehen.	0,317073171
 Frauen gehen öfter fremd als Männer.	0,146341463
 Frauen gehören in die Küche.	0
 Frauen gehören nicht in Kampfeinheiten bei der Armee.	0
 Frauen gehört das Wahlrecht entzogen.	0
 Frauen haben die gleichen Rechte, also ist Diskriminierung vorbei.	0,048780488
 Frauen haben doch alle Rechte die Männer auch haben.	0,146341463
 Frauen haben einen signifikant geringeren Durchsetzungswillen.	0,048780488
 Frauen haben es im Leben einfacher.	0
 Frauen haben es sehr viel härter als Männer um sowohl Beruf als auch Familie/Kinder zu vereinen.	0,756097561
 Frauen haben im Schnitt weniger Interesse an und weniger Opferbereitschaft für ihre Karriere. Daher erreichen sie im Schnitt weniger als Männer.	0,073170732
 Frauen haben im statischen Mittel ein kleineres Allgemeinwissen.	0,048780488
 Frauen haben in der heutigen Gesellschaft teils leichter in manchen Gebieten, aber in anderen widerrum schwerer.	0,902439024
 Frauen haben in gewissen Berufen nichts zu suchen.	0,048780488
 Frauen haben Menstruation, darum können sie nur drei Wochen im Monat arbeiten.	0,024390244
 Frauen haben schlechtere Chancen auf dem Arbeitsmarkt.	0,804878049
 Frauen haben sehr große Vorteile bei Gerichtsentscheidungen über den Verbleib der eigenen Kinder.	0,658536585
 Frauen haben weniger Rechte.	0,56097561
 Frauen in anderen Ländern dürfen nicht mal wählen, deshalb sollte der Feminismus in Deutschland keine Forderungen stellen	0
 Frauen in führenden Positionen haben häufig komplizierte Persönlichkeiten.	0,12195122
 Frauen in Kampfsituationen rufen in Männern den Beschützerinstinkt wach.	0,414634146
 Frauen in Uniformen kann man nicht respektieren (sieht aber gut aus).	0
 Frauen könne ohne Kinder glücklich sein.	0,975609756
 Frauen können das gleiche leisten. SOLLTEnes aber auch. Ein einfordern von Vorteilen ist KEINE Gleichstellung.	0,804878049
 Frauen können das Selbe leisten wie Männer.	0,951219512
 Frauen können mittlerweile in Deutschland alles erreichen, aber sie müssen viel besser sein als gleichrangige Männer.	0,804878049
 Frauen können nichts und sind zu dumm	0
 Frauen können sich besser um Kinder und Familie kümmern, es liegt in ihrer Natur.	0,365853659
 Frauen können so viel Sex mit so vielen Partnern haben, wie sie wollen, und sind dennoch keine "Schlampen", "billig" etc.	0,731707317
 Frauen leiden häufiger als Männer an psychischen Krankheiten.	0,146341463
 Frauen leisten überall das gleiche	0,268292683
 Frauen müssen alles können und machen: Job, Familie, Haushalt.	0,512195122
 Frauen müssen gefördert werden.	0,87804878
 Frauen müssen ihre Wünsche auch stärker einfordern.	0,609756098
 Frauen müssen mehr leisten als ihre männlichen Kollegen, um als genau so kompetent wahrgenommen zu werden.	0,87804878
 Frauen müssen nur mehr Berufe ergreifen, die bisher überwiegend von Männern ausgeübt werden, um mehr Geld zu verdienen.	0,195121951
 Frauen nach wie vor weit davon entfernt gleichberechtigt zu sein	0,56097561
 Frauen neigen aus biologischen Gründen dazu untreu zu sein, wenn sie denken, dass ihnen ein anderer Mann mehr ressourcen geben kann. Frauen als (sexuelle) Schlampen zu bezeichnen ist also korrekt (sexuelle Schlampe drückt genau dieses man-hopping aus).	0,024390244
 Frauen raus aus technischen Berufen.	0
 Frauen ruinieren oft den größten Spaß.	0
 Frauen schlafen sich hoch und schreien hinterher Belästigung, wenn es nicht gut läuft.	0,024390244
 Frauen setzen ihren Körper ein um beruflich voran zu kommen. Dann wundern sie sich, dass man sie als schlampen bezeichnet.	0,024390244
 Frauen sind (im Durchschnitt) dümmer als Männer.	0
 Frauen sind bei Sorgerechtsfragen privilegiert.	0,731707317
 Frauen sind bereits gleichgestellt.	0,048780488
 Frauen sind dazu da Kinder zu gebären.	0,097560976
 Frauen sind emotional unberechenbarer.	0,170731707
 Frauen sind für die Erziehung der Kinder im ersten Lebensjahr verantwortlich.	0,219512195
 Frauen sind gesellschaftlich nicht gleichgestellt.	0,853658537
 Frauen sind grundsätzlich in der Lage alles zu tun was Männer auch können, wenn man von rein physischen Unterschieden (z.B. Körperkraft, Größe) absieht.	0,951219512
 Frauen sind im Durchschnitt (!) emotionaler und sensibler als Männer.	0,585365854
 Frauen sind im Durchschnitt (!) weniger geeignet für die Bundeswehr. Aber die Frauen, die geeignet und gewillt sind, dürfen teilnehmen, genauso wie die Männer, die nicht geeignet oder gewillt sind, nicht teilnehmen müssen.	0,87804878
 Frauen sind im durchschnitt schwächer als Männer in physischen Aspekten.	0,707317073
 Frauen sind in unserer Gesellschaft benachteiligt.	0,756097561
 Frauen sind in vielen Berufen immer noch unterrepräsentiert und das liegt beileibe nicht nur an fehlendem Interesse an diesen Berufen.	0,902439024
 Frauen sind körperlich schwächer als Männer und können in der Bundeswehr nicht mithalten.	0,097560976
 Frauen sind körperlich schwächer und psychisch labiler als Männer und stören die Dynamik in reinen Männergruppen. Bundeswehr und Polizei leisten ohne Frauen daher bessere Arbeit.	0
 Frauen sind körperlich schwächer, daher auch die Trennung bei Sportarten.	0,609756098
 Frauen sind Männern geistig in einigen Bereichen unterlegen	0,073170732
 Frauen sind Minderleister in unseren Gesellschaften.	0,024390244
 Frauen sind naiver als Männer, was sie zu Opfern macht.	0,170731707
 Frauen sind nicht schwach und sollten sich so auch nicht fühlen.	0,926829268
 Frauen sind nicht weniger leistungsfähig als Männer.	0,902439024
 Frauen sind physisch und psychisch nicht für harte Arbeit geschaffen.	0,097560976
 Frauen sind stark und sie im Team zu haben macht jedes wirtschaftliche wie soziale Unternehmen stärker.	0,951219512
 Frauen sind trotz gesetzlicher Gleichberechtigung im Alltag nicht komplett gleichberechtigt.	0,87804878
 Frauen sollen das gleiche machen dürfen wie Männer.	1
 Frauen sollen frei und ohne jeden Einfluss von Feministen über ihr Leben entscheiden können. Wenn sie Hausfrauen werden wollen dann ist das in Ordnung. Wenn sie Models werden wollen dann ist das auch in Ordnung. Und dasselbe wenn sie ingenieur werden wollen.	0,975609756
 Frauen sollte das Wahlrecht entzogen werden.	0
 Frauen sollten bei Beruf oder Politik nicht deshalb bevorzugt werden, weil sie eine Frau sind. Die Qualifikation ist wichtiger.	0,926829268
 Frauen sollten die Ungleichbehandlung von Männern anerkennen, da sie auch an Ungleichberechtigung leiden wie z.B das sie aufgrund der gesellschaftlich festgelegten Rolle verschlossen über ihren Gefühlen und Problemen sind.	0,731707317
 Frauen sollten für die gleiche Arbeit weniger Geld. verdienen (weil sie häufiger ausfallen und dann doch nicht die gleiche Arbeit leisten).	0
 Frauen sollten Kinder erziehen anstatt zu arbeiten.	0
 Frauen sollten nicht benachteiligt werden, nur weil sie Kinder bekommen könnten.	0,951219512
 Frauen sollten sich in Punkt Beruf & Karriere mehr zutrauen.	0,975609756
 Frauen sollten wieder ihre klassische Geschlechterrolle ausüben.	0
 Frauen tendieren dazu links zu wählen, Männer relative dazu rechts.	0,097560976
 Frauen übernehmen immer noch große Teile der Kindererziehung.	0,951219512
 Frauen und Maenner sich bereits gleichberechtigt, denn es existieren keine Gesetze, die eins dem anderen ueberlegen darstellen.	0,048780488
 Frauen und Männer haben (statistisch betrachtet) stark unterschiedliche Interessen, daher sind Initiativen wie Girls' day nutzlos.	0,048780488
 Frauen und Männer sind aus biologischer Sicht grundverschieden und benötigen deshalb auch unterschiedliche Rechte.	0,146341463
 Frauen und Männer sind biologisch verschieden	0,975609756
 Frauen und Männer sind körperlich sowie psychisch nicht immer gleich.	0,951219512
 Frauen und Männer sind nicht gleich und sollten nicht gleich behandelt werden.	0,073170732
 Frauen und Männer sind nicht grundsätzlich gleich und können auch nicht grundsätzlich das Gleiche, sollten aber die gleichen Chancen und Möglichkeiten haben.	0,951219512
 Frauen und Männer sind rein körperlich unterschiedlich leistungsfähig und daher im Durchschnitt für unterschiedliche Berufe geeignet.	0,463414634
 Frauen und Männer sollen für dasselbe Verbrechen gleichermaßen hart bestraft werden.	0,951219512
 Frauen und Männer sollen vor dem Staat gleiche Rechte und Pflichten haben.	1
 Frauen und Männer sollten die gleichen Rechten und Pflichten haben.	0,975609756
 Frauen und Männer sollten in der Gesellschaft gleichbehandelt werden.	0,975609756
 Frauen und Männer sollten in Unternehmen und Führungspositionen zu 50% vertreten sein.	0,56097561
 Frauen verdienen im Schnitt weniger, da sie andere Berufskategorien wählen als Männer.	0,390243902
 Frauen weigern sich bei der Geschlechterdiskussion professionelle Argumentationsweisen zu übernehmen, sondern argumentieren unpräzise, sichtbar voreingenommen und emotional.	0,146341463
 Frauen werden aktuell überall bevorzugt behandelt	0,048780488
 Frauen werden in der Gesellschaft benachteiligt.	0,87804878
 Frauen werden in der Werbung, Medien, Filmen und Unterhaltung immer noch sehr sexistisch dargestellt und zu Objekten gemacht.	0,902439024
 Frauen werden in Deutschland nicht diskriminiert, sondern bevorzugt.	0,024390244
 Frauen werden ständig sexuell belästigt.	0,463414634
 Frauen wollen maskuline Männer, die traditionellen Werten (Stoisch, entschlossen, hohes Selbstbewusstsein, Macher-Typ) entsprechen. Selbst wenn sie behaupten, dass Schwäche akzeptabel und menschlich ist, werden Zeichen von Schwäche weiterhin massiv sozial abgestraft.	0,463414634
 Frauen wurden in großen Teilen der Geschichte unterdrückt.	0,951219512
 Frauenförderung hat fast nur Nachteile für die Gesellschaft (Kinderlosigkeit, abnehmen der Produktivität).	0,024390244
 Frauenquote ist nötig.	0,707317073
 Frauenquote ist notwendig. Punkt!	0,634146341
 Frauenquote macht Sinn bzw. wirkt.	0,756097561
 Frauenquote muss überall sein	0,463414634
 Frauenquote vor Qualifikation.	0
 Frauenquoten behindern die echte Gleichstellung der Geschlechter.	0,390243902
 Frauenquoten führen dazu das die Vergabe von Jobs nicht primär nach Können und Leistung erfolgt.	0,512195122
 Frauenquoten führen dazu, dass unqualifizierte Personen aufgrund Ihres Geschlechts an Posten kommen, die andere besser besetzen könnten.	0,43902439
 Frauenquoten helfen der Gleichstellung.	0,731707317
 Frauenquoten in Aufsichtsräten fördern die Gleichberechtigung.	0,731707317
 Frauenquoten sind kosmetische Zwangsmaßnahmen und stellen eine Form der Diskiminierung dar.	0,219512195
 Frauenquoten sind notwendig.	0,756097561
 Frauenquoten sind quatsch.	0,097560976
 Frauenquoten sind sinnvoll und notwendig.	0,756097561
 Für Frauen in der Bundeswehr sollten hinsichtlich köperlicher Leistungsfähigkeit exakt dieselben Kriterien gelten wie für Männer, selbst dann, wenn dadurch keine einzige Frau qualifiziert ist.	0,243902439
 Für viele Führungspositionen sind Männer besser geeignet.	0,097560976
 Gegenderte Begriffe wie mansplaining oder manspreading sind sexistisch und basieren auf falschen Prämissen.	0,317073171
 Gehälter von Frauen müssen jenen von Männern bei gleicher Arbeit in allen Belangen gleichgestellt werden.	0,975609756
 Genderforschern geht es in erster Linie nicht um das Herstellen von Gleichcheit, sondern um ihr eigenes Geltungsbedürfnis.	0,097560976
 Genderforschern und Befürwortern geschlechtergerechter Sprache wird aufgrund falscher politischer Korrektheit Gehör geschenkt.	0,195121951
 Gendergerechte Sprache ist unpraktisch und ist zuwider der intuitiven Nutzung von Sprache.	0,536585366
 Gendergerechte Sprache zieht Menschen mit echten Problemen was ihre Sexualität angeht gesamtgesellschaftlich nur ins lächerliche.	0,512195122
 Gendermainstreaming bedeutet idr nur Nachteile für cis-gender Männer. An Universitäten gibt es idr nur Kurse speziell für Frauen, aber keine nur für Männer. Eine Teilnahme für Männer an Frauenkursen ist untersagt auch wenn dies inhaltlich keinen Sinn macht.	0,390243902
 Gendermainstreaming ist quatsch.	0,195121951
 Genderstudies sind absoluter Quatsch.	0,048780488
 Geschlechterangleichung in der Sprache ist überflüssig.	0,512195122
 Geschlechterpolitik gründet zur Zeit auf Lobbyismus für Eigeninteressen und nur wenig auf gesellschaftlichen Wahrheiten.	0,219512195
 Geschlechterquoten ist gerecht.	0,536585366
 Geschlechtsangleichende Operationen sind der beste/einzige Weg Gender Dysphoria zu bewältigen.	0,219512195
 Gesellschaftlich genießen Frauen etliche Vorteile einfach durch die wohlwollende Wahrnehmung anderer Menschen.	0,365853659
 Gleich geschlechtliche ehe sollte verboten werden.	0,048780488
 GleichbeRECHTigung (equality of opportunity) ist erstrebenswert, aber sicherzustellen, dass Männer und Frauen in allen Sektoren gleich stark vertreten sind (equality of outcome), ist nicht erstrebenswert.	0,536585366
 Gleichberechtigung ist bereits seit 40 Jahren realität. Heute geht es dem Feminismus nur noch um Hetze gegen Männer und andersdenkende.	0,024390244
 Gleichberechtigung ist bereits Staatsform. Gleichstellung ist totalitäre Tyrannei.	0
 Gleichberechtigung ist eine menschenrechtliche Frage	0,951219512
 Gleiche Gehälter und Chancen in der Arbeitswelt sind der Schlüssel zur tatsächlichen Gleichstellung	0,902439024
 Gleiches Geld für gleiche Arbeit, unabhängig vom Geschlecht.	1
 Gleichgeschlechtliche Paare können einem Kind genauso gute Eltern sein wie Frau und Mann.	0,853658537
 Gleichstellung bedeutet tatsächlich bloß "Bevorzugung der Frauen".	0,024390244
 Gleichstellung der Geschlechter ist eine Überbevorteilung von Frauen	0,073170732
 Gleichstellung ist dann erreicht, wenn Männer und Frauen das Selbe verdienen.	0,341463415
 Gleichstellung ist gerecht.	0,853658537
 Gleichstellung muss durch politische Mittel erzwungen werden, z.B. Frauenquote, Frauenbeauftragte etc.	0,487804878
 Gleichstellung und "Gleichberechtigung" sind verschiedene Sachen. Gleichberechtigung ist notwendig und erwünscht. Gleichstellung (Die erzwungene Gleichmachung) ist dagegen unerwünscht.	0,43902439
 Gleichtstellung ist quängeln nach Status.	0,024390244
 Gleichwertigkeit ist nochmal was anderes (und viel wichtiger!) als Gleichstellung	0,829268293
 Hauptproblem für eine Gleichbehandlung ist die besondere Rolle, die der Frau in der Zeugung und Erziehung von Kindern zukommt.	0,487804878
 Hausfrauen begehen aktiv Verrat am eigenen Geschlecht.	0
 Hausfrauen können keine Feministinnen sein.	0,073170732
 Häuslicher (psychischer) Missbrauch wird auch von Frauen verübt.	0,926829268
 Hinter jedem starkem Mann steht eine starke Frau. aber nicht davor.	0,12195122
 Hübsche Frauen brauchen sich im Leben nicht anstrengen. Deswegen gibt es nur hässliche bratzen in MINT Fächern.	0,048780488
 Im Anbetracht von Jahrhunderten der Diskriminierung ist es nicht genug jetzt Gleichheit herzustellen, es muss dafür gesorgt werden dass alle Geschlechter die gleichen Startvorraussetzungen haben	0,926829268
 Im Falle eines Sorgerechtstreites sollten Mütter immer oder eher das alleinige Recht haben.	0,024390244
 Im kommenden Bürgerkrieg werden Verräter als erstes vernichtet. Genderisten und Feministen stehen ganz oben auf der Liste.	0,024390244
 In der Erziehung sollten Vater und Mutter bzw. Mann und Frau gleich viel Einfluss nehmen.	0,975609756
 In der Politik werden die Belange von Männern und Jungen im speziellen kaum beachtet	0,292682927
 In der Unterschicht herrscht eine höhere Rollenidentifikation beider Geschlechter.	0,463414634
 In der Wirtschaft braucht es zumindest eine Zeit lang eine Frauenquote.	0,707317073
 In Texten müssen alle Personen auch immer mit *innen genannt werden um Frauen nicht zu diskriminieren	0,390243902
 Jeder Mensch, egal welches Geschlecht, sollte die gleichen Möglichkeiten in allen Lebenslagen haben.	1
 Jeder, der für die Gleichberechtigung von Frauen und Männern ist, ist Feminist (per Definition).	0,487804878
 Jungs brauchen Männer als Vorbilder und Frauen können dies in keinem Fall ersetzen. Kinder, die ohne eine Vater-Rolle aufwachsen haben oft Probleme/sind schlechter sozial angepasst	0,268292683
 Karrierefrauen sind Zicken.	0
 Keine Frauen im Bundestag.	0
 Kinder gehören immer zur Mutter.	0,048780488
 Kinder sollen Beta-Blockers bekommen damit sie sich entscheiden können, ob sie männlich oder weiblich sein möchten.	0,024390244
 Kindererziehung liegt Frauen einfach mehr.	0,219512195
 Kritk an Gleichstellungspolitik entsteht ausschließlich oder überwiegend aus Frauenhass.	0,243902439
 Kulturelle Faktoren erklären den Großteil der Verhaltensunterschiede zwischen Frau und Mann.	0,902439024
 Künstlich geschaffene geschlechtsneutrale Endungen und Berufsbezeichnungen (zB. Bäcker_in, Postbot_x, PolizistIn) sind überflüssig. Legislative Eingriffe stehen der natürlichen Entwirklung der Sprache entgegen.	0,43902439
 Legalisierung von Prostitution erniedrigt Frauen.	0,292682927
 Leistung muss geschlechtsneutral betrachtet werden, Frauen dürfen keinen Vorteil, aber auch kein Nachteil auf Grund des Geschlechts haben.	0,926829268
 Leistung und Eignung vor Quotenregelung.	0,902439024
 Mädchen mögen lieber Pink, Jungen mögen lieber Blau.	0,048780488
 Mädchen spielen lieber mit Puppen, Jungen spielen lieber mit Autos.	0,146341463
 Männer die sich gegen Feminismus als solchen aussprechen haben Sorge, ihre "gottgegebene" Herrschaft über die Frau zu verlieren.	0,682926829
 Männer dürfen auch Gefühle zeigen.	1
 Männer erhalten seltener das Sorgerecht, egal ob sie besser geeignet wären.	0,829268293
 Männer erkennen die Existenz eines systemischen Patriarchats an.	0,219512195
 Männer fühlen sich von Frauen in Führungspositionen bedroht.	0,658536585
 Männer geben sich bei Beziehungen nicht so viel Mühe wie Frauen.	0,146341463
 Männer haben aufgrund von toxischer Männlichkeit(sbilder) nicht die Möglichkeit eine eigene Geschlechterrolle anzunehmen	0,463414634
 Männer haben durchschnittlich höhere Einkommen weil sie oft unbequemere aber besser bezahlte Jobs annehmen als Frauen.	0,292682927
 Männer können sich im Berufsleben besser durchsetzen.	0,292682927
 Männer müssen Fußball gut finden.	0,024390244
 Männer sind das Problem der Ungleichbehandlung.	0,243902439
 Männer sind extremer (andere Normalverteilung), was dazu führt, dass sie sowohl in der Spitze als auch am Boden der Gesellschaft überrepräsentiert sind.	0,365853659
 Männer sind für Führungrollen grundsätzlich besser geeignet.	0,048780488
 Männer sind im Allgemeinen stärker als Frauen	0,414634146
 Männer sind im Bereich Erziehung an der falschen Stelle.	0,024390244
 Männer sind im Durchschnitt egoistischer, weniger empathisch und moralisch schlechtere Menschen als Frauen.	0,12195122
 Männer sind im Schnitt biologisch intelligenter.	0,024390244
 Männer sind in der Regel intelligenter als Frauen.	0,024390244
 Männer sind in Führungspositionen immer erfolgreicher als Frauen.	0,097560976
 Männer sind intelligenter als Frauen.	0
 Männer sind schlauer als Frauen.	0
 Männer sind Schweine.	0,024390244
 Männer sind selten gute Feministen (auch wenn sie sich dafür halten) und sollten aus den Debatten herausgehalten werden.	0,048780488
 Männer sind von Natur aus schon anders als Frauen.	0,804878049
 Männer sollten die gleichen Chancen haben, das Sorgerecht für Kinder im Scheidungsfall zu erhalten, wie Frauen.	1
 Männer tendieren von ihren persönlichen Interessen her eher zu Naturwissenschaft und Technik als Frauen.	0,463414634
 Männer und Frauen sind absolut gleich.	0,243902439
 Männer und Frauen sind bereits gleichberechtigt.	0,073170732
 Männer und Frauen sind gleich intelligent.	0,902439024
 Männer und Frauen sind in einer traditionellen Familie am glücklichsten.	0
 Männer und Frauen sind verschieden.	0,829268293
 Männer und Frauen sind wortwörtlich gleich ("Wir sind alles nur Menschen!")	0,756097561
 Männer und Frauen sind, bis auf äußere Merkmale, gleich.	0,341463415
 Männer und Frauen sollten bei gleicher Qualifikation, Erfahrung und Eignung das gleiche Einkommen haben.	0,975609756
 Männer und Frauen sollten im Job gleich behandelt werden.	1
 Männer unter sich sind produktiver/geordneter. Beispiel das Inselexperiment, wo strikt nach Männern/Frauen getrennt wurde.	0,097560976
 Männer verdienen mehr, weil sie besser arbeiten.	0,048780488
 Männer verdienen oft besser, dafür haben Frauen es in Beziehungen und im Sozialleben einfacher.	0,170731707
 Männer verdienen oft gerechterweise mehr, da sie in Gehaltsverhandlungen aggressiver sind.	0,12195122
 Männer werden bei bestimmten Bereichen, wie Militätdienst oder Sorgerecht benachteiligt.	0,658536585
 Männer werden im Bildungssystem Schule nicht benachteiligt.	0,463414634
 Männer, die Emotionen zeigen, sind Schwächlinge.	0,024390244
 Männer, die sich um Kinder und Haushalt kümmern, sind Weicheier.	0,024390244
 Männerhass ist nicht mal illegitim.	0,097560976
 Maskulinismus, GamerGate und ähnliche Strömungen sind oft kaum verhohlener Frauenhass.	0,414634146
 Maßnahmen zur Gleichstellung sind unnötig.	0,12195122
 Masturbation und Erwähnen der Intimbereiche ist etwas, was die Gesellschaft nur mit Jungs in Verbindung bringt und nicht mit Mädchen, sodass letztere ohne dieses Bewusstsein aufwachsen und im späteren Leben "ins kalte Wasser geschmissen werden".	0,56097561
 Men's rights Typen sollten alle in den Knast.	0
 Menschen sollen nicht aufgrund ihrer Genitalien anders behandelt werden	0,975609756
 Moderner Femismus ist gekennzeichnet durch Hass gegen Männer.	0,097560976
 Moderner Femismus wir immer mehr zum Männerhass.	0,292682927
 Muslime behandeln Frauen schlecht.	0,414634146
 Mütter sollten zu Hause bleiben und sich um das Kind kümmern.	0,024390244
 Mutter zu sein sollte für Frauen viel wichtiger sein, als Karriere zu machen, weil Kinder für das Frauenglück enorm wichtig sind.	0,048780488
 Nach einer Trennung gehören die Kinder zur Mutter.	0,12195122
 Nicht alle Männer sind technisch begabt.	0,975609756
 Patchwork-Familien und Single-Mütter sind sub-optimal im Vergleich zu normalen, stabilen Ehen.	0,12195122
 Personen die sich für den Feminismus einsetzen sollte man vergasen.	0
 Positive Diskriminierung ist notwendig / gut.	0,097560976
 Sexismus ist allgegenwärtig.	0,853658537
 Sexismus und Antifeminismus werden ausschließlich von Männern vertreten	0,219512195
 Sexismus wird als Mittel der Machterhaltung eingesetzt.	0,780487805
 Solange ein Macho in einem Führunsteam ist, haben Frauen es schwer.	0,707317073
 Spezielle Geschlechterquoten sind unnötig und kontraproduktiv.	0,195121951
 Sprachliche Gleichstellung ist ein unnötiger Aufwand, da diese keine Auswirkung auf reale Gleichstellung hat.	0,512195122
 Statistisch können Frauen mit Stresssituationen schlechter umgehen als Männer.	0,146341463
 Studiengänge mit einem Frauenüberschuss wie Psychologie sollten eine Männerquote erhalten.	0,341463415
 Technische Affinität sollte nicht nur Männern zugeschrieben werden.	0,902439024
 Titel, Amtsbezeichnungen und feste Begriffe, z.B. Vaterland, Dienstgrade oder Kanzler, sollen nicht an Geschlechter angepasst werden.	0,536585366
 Traditionell männliche und weibliche Eigenschaften sind gleich viel wert und müssen je nach Situation abgewogen werden.	0,853658537
 Um den Gendergap zu verringern müssen frauentypische Berufe, z.B. in der Pflege und Erziehung, besser bezahlt werden.	0,926829268
 Um die strukturelle Benachteiligung von nicht-männlichen Personen zu bekämpfen, ist ein gesellschaftlicher Wandel nötig.	0,951219512
 Unangenehm lange Umarmungen oder Blicke oder Hinterherschauen stellen sexuelle Belästigungen dar oder sollten strafrechtlich relevant sein.	0,292682927
 Unter der Annahme das geschlechtergerechte Sprache sinnvoll oder notwendig ist, sind Binnen-I oder Genderstern die besten Lösungen.	0,390243902
 Väter müssen im gleichen Umfang wie Mütter Verantwortung für ihre Kinder übernehmen.	1
 Verlangen nach einem Weltmännertag ist dumm.	0,268292683
 Viele der Nachteile, die Frauen in Deutschland haben (GPG, versteckte Einstellungshürden), sind auf gesellschaftliche Erwartungshaltungen bei der Kinderbetreuung zurückzuführen.	0,634146341
 Viele Frauen fordern Gleichstellung, meinen aber damit eine Bevorteilung.	0,219512195
 Vor der Justiz werden Männer und Frauen gleich behandelt.	0,414634146
 Wenn eine Frau sich freizügig kleidet, ist sie selber schuld, wenn sie begrapscht oder vergewaltigt wird.	0,097560976
 Wenn Frauen frei entscheiden könnten würden sie zum grossen Teil keine Männerberufe wählen.	0,146341463
 Wenn Frauen nicht streng erzogen werden neigen sie zu asozialen und hysterischen Verhaltensweisen (sieht man an den 68ern). Männer haben dagegen eine natürliche Moral.	0,024390244
 Wenn Frauen sich nur anstrengen, können sie genauso viel schaffen wie Männer.	0,463414634
 Wenn künstliche Gebärmuttern verfügbar sind, werden Frauen weitesgehend nutzlos sein.	0,024390244
 Wie legen mehr Wert auf die Gesundheit von Frauen als auf die von Männern.	0,073170732
 Wir brauchen eine nicht-geschlechtliche Gesellschaft.	0,487804878
 Wir müssen weiter über Feminismus reden, um die Gleichstellung voran zu bringen.	0,829268293
 Wörter wie "Krankenschwester" stempeln das Berufsbild als "Frauenberuf" ab.	0,707317073
 Zu viele Frauen in Erziehungsberufen führen zu mangelnden männlichen Vorbildern und Bezugspersonen.	0,463414634
 Zwischen Männern und Frauen gibt es Unterschiede, die sich nicht auf den Fortpflanzungsapparat beziehen und nicht durch Sozialisierung erklärbar sind.	0,658536585