assertion	hate speech score
 19% Mehrwertsteuern auf Tampons zahlen zu müssen und nicht 7% ist eine eine dreiste Benachteiligung für weibliche Biologie wie Menstruation.	-0,291666667
 Ab und zu eine erzieherische Ohrfeige hat noch niemand geschadet, auch nicht der Gattin.	0,75
 Abteilungen die von einem Geschlecht dominiert werden tendieren dazu sexistisch zu sein.	-0,041666667
 Alle Feministinnen sind Lesben.	0,708333333
 Alle Mädchen lieben Pferde.	0
 Alle Menschen müssen bei gleicher Qualifikation dieselben Chancen haben, den Beruf ihrer Wahl auszuüben.	-0,625
 Alleinerziehende Mütter sind Heldinnen.	-0,541666667
 Alles was eine Frau tun muss, ist ihren Mann zu befriedigen	0,833333333
 Als Frau bist du halt die gefickte und als Mann bist du der fickende. Das zeigt schon wer aktiv und wer passiv in der Gesellschaft ist.	0,75
 Alte Männer haben ein Problem mit emanzipierten Frauen.	-0,291666667
 Angela Merkel hat durch ihre "Gäste" die Situation von Frauen viel mehr verschlimmert als alle männlichen Kanzler vor ihr.	-0,166666667
 Auch bei der Bundeswehr können Frauen das gleiche Leisten wie Männer.	-0,541666667
 Auf "alle Frauen sind..." folgte noch nie eine Aussage von Wert.	0,125
 Bei der Bundeswehr sollen die Anforderungen für Männer und Frauen gleich sein.	-0,041666667
 Bei der Wahl von Gleichstellungsbeauftragten sollte es immer eine Doppelspitze aus einem Mann und einer Frau geben.	-0,291666667
 Bei einer Satzung oder einem Vertrag muss nicht generell die männliche und weibliche Form genannt werden.	-0,083333333
 Bei gleicher Leistung haben Frauen und Männer gleiche Möglichkeiten.	-0,375
 Bei gleicher Qualifikation sind Frauen zu bevorzugen, alles andere ist Diskriminierung.	-0,041666667
 Beide Geschlechter sollten gleich bezahlt werden.	-0,625
 Bereits individuell geringfügige Benachteiligungen aufgrund des Geschlechts können kumulativ schnell signifikant werden.	-0,333333333
 Biologische Unterschiede zwischen den Geschlechtern entstehen durch Sozialisation.	-0,125
 Das ganze sprachliche Genderzeugs ist Quatsch und lästig.	0,166666667
 Das Herabsenken physischer Mindeststandards für Frauen in Rettungsberufen ist gefährlich.	0,041666667
 Das kirchliche Arbeitsrecht ist ein großes Hindernis für die Gleichstellung von Mann und Frau und sollte schon deswegen abgeschafft werden.	-0,291666667
 Das Mutterkreuz war im Kern der Sache ein wirksamer Anreiz zur Familiengründung und wird in Frankreich so ähnlich immer noch verliehen.	0,041666667
 Das Nicht-Übereinstimmen von Geschlecht und Geschlechtsidentität ist wie eine biologische Krankheit zu behandeln.	0,166666667
 Das Scheidungsrecht sollte Geschlechtsneutraler umgearbeitet werden, auch bzgl auf Sorgerecht.	-0,458333333
 Das Unterlassen von Gendern in Arbeiten schließt Frauen systematisch aus.	-0,125
 Das Vergewaltigungsopfer ist selbst dafür (teils) verantwortlich.	0,791666667
 Das Ziel des Femismus ist Gleichberechtigung von Mann und Frau.	-0,541666667
 Dass es Frauen gibt, die stärker und in männerdominierten Sportarten besser sind als der Durchschnittsmann beweist, dass Frauen Männern in nichts nachstehen.	-0,541666667
 Den Frauen bei uns geht es besser als in anderen Ländern. Deswegen jammern die Frauen bei uns auf "hohem Niveau".	0,291666667
 Der aktuelle Drang zur Emanzipation schlägt teilweise um in eine Rachsucht.	0,541666667
 Der Druck, besonders männlich wirken zu müssen, schadet Männern.	-0,458333333
 Der Feminismus schadet der Gesellschaft massiv, weil eine gesunde Gesellschaft starke Familien und eine gesunde Anzahl Kinder (2.1 Geburten pro Frau) braucht um zu überleben. Während eine Gleichberechtigung von Frauen etwas positives ist, zwing die neue soziale Realität Frauen sich gegen Kinder/Familie zu entscheiden, was langfristig der Gesellschaft enormen Schaden zufügt. Auch für die Frauen selbst ist die "neue Freiheit" potential nicht besser als das alte, starre Rollenbild.	0,208333333
 Der Gender Pay Gap existiert nicht / lässt sich rational begründen.	-0,125
 Der Gender Pay Gap ist keine systematische Benachteiligung von Frauen, sondern Resultat der eigenen Entscheidungen von Frauen (Im Durchschnitt kürzere Arbeitswege, weniger Arbeitsstunden, geringere Wettkampfbereitschaft, weniger Patente, weniger Gehaltserhöhungsanfragen, ...).	0,5
 Der Mann ist für das Finanzielle zuständig.	0,583333333
 Der neue Feminismus ist eine von der CIA geförderte und verbreitete Ideologie und dient der psychologischen Kriegsführung.	0,333333333
 Der Plan dass deutsche Frauen mehr arbeiten soll nur dafür sorgen dass weniger Kinder zur Welt kommen. Dann ist mehr Platz für die "Merkelgäste".	0,333333333
 Der Wandel hin zur Karrierefrau ist verantwortlich für den Geburtenrückgang in den Industrieländern.	0,166666667
 Der Weltfrauentag ist großer Unsinn, solange es keinen dementsprechenden Weltmännertag gibt, der die Probleme männlicher Personen in unserer Gesellschaft thematisiert.	0,041666667
 Der Wunsch nach einem starken Mann steht mit der aktuellen Feminismus-Debatte im absoluten Widerspruch.	-0,041666667
 Derzeitige Darstellung von Gleichstellungsfragen in den Medien ist einseitig und zum Vorteil von Frauen.	-0,041666667
 Die #metoo-Bewegung ist hysterisch.	0,416666667
 Die allgemeine Bezeichnung eines Berufes (z.B. der Bäcker, der Postbote, der Polizist) ist geschlechtsneutral. Sie stellt kein Geschlecht über das andere.	-0,25
 Die Aussage: "Aber was ist mit uns Männern?" ist völlig hirnverbrannt.	-0,125
 Die ausufernde Unkorrektheit von Präsident Trump (und die Toleranz der Gesellschaft gegenüber jene) bezüglich Frauen hat nichts mit einem Patriarchat, sondern mehr mit der Tatsache zu tun, dass Personen in der westlichen Welt über Geld zu einem unglaublichen Maß an gesellschaftlicher Macht kommen können.	-0,25
 Die Denk- und Handlungsweisen beider Geschlechter unterscheiden sind nur gering.	-0,041666667
 Die Diskriminierung / Nachteile von Männern wird / werden viel zu wenig in der Öffentlichkeit und von FeministInnen thematisiert, besonders im Vergleich zur Benachteiligungen von Frauen.	-0,166666667
 Die Diskussion um Vokabeln lenkt von der eigentlichen gesellschaftlichen Problematik ab: Akzeptanz.	-0,333333333
 Die Erwartungen, die man an einer Frau hat hinsichtlich was sie im Haushalt zu erledigen hat und wie sie ihr Kind zu erziehen hat, hat einen starken Einfluss auf ihre Karriere - wie lange sie in vor Ort ihre Arbeit verrichtet und ihre Arbeit von den Kollegen anerkannt wird und somit auch ihre Aufstiegschancen und die Frauenquote in den Führungspositionen.	-0,25
 Die Feminismusbewegung pickt sich die Rosinen heraus, ohne tatsächliche Gleichstellung in beide Richtungen anzustreben.	0,25
 Die feministische Bewegung war notwendig (erste und zweite Welle), sie hat ihre Aufgabe voll erfüllt. Wir brauchen das jetzt nicht mehr.	0,041666667
 Die Frauenquote ist ansatzweise sinnvoll.	-0,458333333
 Die Frauenquote ist Quatsch.	0,208333333
 Die Frauenquote schadet dem Emanzipationsansinnen mehr, als sie nutzt.	-0,083333333
 Die Führung der Bundeswehr reagiert mittlerweile "panisch" und mit völlig übertriebenem Aktionismus auf jeden Vorwurf der Diskriminierung. Das führt am Ziel vorbei.	0,333333333
 Die Gender-Pay-Gap ist kein Problem des Sexismus oder ein Konstrukt des Patriarchats.	-0,083333333
 Die Geschlechter sind nicht immer gleich, jedoch nicht minderwertiger.	-0,541666667
 Die geschlechtsspezifschen Gesundheitsrisiken von Männern und Frauen werden in der Gesellschaft gleichwertig wahrgenommen.	-0,208333333
 Die Gesellschaft bürdet Frauen zu viel Verantwortung für Nachwuchs auf.	-0,208333333
 Die Gleichberechtigung der Frau ist nicht durch Quoten und Gesetztesvorgaben zu erreichen, sondern erfordert ein radikales gesamtgesellschaftliches umdenken.	-0,375
 Die Kindheit sollte nicht von den Geschlechterrollen beeinflusst werden (Bsp.: Junge bekommt Experimenrierkasten / Mädchen Puppe geschenkt)	-0,416666667
 Die meisten Frauen haben kein tieferes Interesse an Dingen außerhalb ihres sozialen Nahbereichs.	0,416666667
 Die meisten Männer sind frauenfeindlich, ohne sich dessen bewusst zu sein.	-0,166666667
 Die meisten Männerberufe sind zu hart für Frauen.	0,125
 Die Politik tut alles um die Gleichstellung der Frau zu realisieren.	-0,125
 Die Regierung setzt sich nicht genug für die Gleichberechtigung der Geschlechter ein.	-0,291666667
 Die sozialen Medien beeinflussen die Stereotypen vom Frausein und Mannsein stark und dieses beeinflusst auch die Jugend, die aufwächst, während sie solchen Werten ausgesetzt ist.	-0,291666667
 Die Unterschiede zwischen Mann und Frau sind vor allem biologisch bedingt.	-0,125
 Die Work-Life-Balance (in Bezug auf Haushalt, Organisation, Freizeit, Familienbande pflegen, Ernährung usw.) funktioniert besser, wenn in einer Ehe nur ein Partner berufstätig ist.	0,083333333
 Durch die Frauenrevolution, den neuen Feminismus und das Wahlrecht wird die Politik mehr von Gefühlen, Über-Moralisierung, Gruppendenken und blinde Xenophilie (Open Borders) bestimmt als von rationalen zur Sache relevanten Argumenten, das schadet der Politik. Beispiel: Masseneinwanderung mit blinder mütterlicher Liebe/Idealisierung des Fremden, bei Widerspruch ist man sofort ein Hetzer und Nazi, Reduktion der Meinungsfreiheit (NetzDG) da Frauen tendenziell eher von freier/aggressiver Rede emotional belastet sind (belegt durch Studien)	0,333333333
 Durchschnittliche Gehaltsunterschiede zwischen Frauen und Männern entstehen durch Diskriminierung.	0
 Ehe und Kinder sind speziell für Frauen ein finanzielles Risiko und machen Frauen unglücklich.	0,291666667
 Eine Abtreibung sollte auch mit dem Vater mitentschieden werden.	-0,083333333
 Eine Frau, die sich freizügig anzieht, ist nicht unschuldig daran, wenn sie angemacht wird.	0,75
 Eine Frauenquote in sozialen Berufen ist absolut richtig.	-0,333333333
 Eine Frauenquote ist keine elegante Lösung, aber für eine Übergangszeit notwendig.	-0,125
 Eine Gesellschaft die meritokratisch aufgebaut ist, ist per se patriarchalisch, da Männer Frauen kognitiv wie physisch überlegen sind.	0,458333333
 Eine Gesellschaft in der Frauen die Macht haben verkommt schnell.	0,75
 Eine Gleichberechtigung kommt nur unter gleichen in Frage, nicht aber unter ungleichen.	0,083333333
 Eine klassische Rollenverteilung in der Ehe ist zu bevorzugen.	0,583333333
 Eine Männerquote in sozialen Berufen ist notwendig.	-0,291666667
 Eine strukturelle Benachteiligung von Männern gibt es nirgendwo.	-0,25
 Erwartungen und genderspezifische Erziehung beeinflusst stark die Entwicklung und Persönlichkeitsentfaltung eines Kindes und kann schnell der Grund für Blockaden im Hirn führen, wodurch man Mädchen ihre Zukunft verbaut.	-0,333333333
 Es besteht eine tiefgehende strukturelle Ungleichbehandlung von Frauen und Männern, die bereits in der frühen Kindheit beginnt.	-0,5
 Es darf keine Bevorzugung nur aufgrund des Geschlechtes geben.	-0,625
 Es gibt biologische Unterschiede zwischen Mann und Frau.	-0,375
 Es gibt eine durchschnittliche Frau und einen durchschnittlichen Mann, deren Interessen nicht uebereinstimmen. Von daher sind Unterschiede unvermeindlich	-0,083333333
 Es gibt einen Gender-Paygap von >20%, der sich ausschließlich auf das Geschlecht zurückführen lässt.	-0,041666667
 Es gibt Frauen die Vergewaltigungen genießen. Diese Art von Frauen bilden den nicht-lesbischen Anteil von Gutmenschparteien wie den Grünen.	0,958333333
 Es gibt Frauen und es gibt Männer. Und es gibt Ausnahmen. Ausnahmen sollen (wie jeder andere) existieren dürfen und Rechte haben. Aber die sollen auch bitte Ausnahmen bleiben.	-0,25
 Es gibt Frauenberufe und es gibt Männerberufe.	0,041666667
 Es gibt Gründe, eine Frau zu schlagen. Es sind die selben beiden Gründe um einen Mann zu schlagen: Notwehr- oder Nothilfesituation, Einverständnis der Person (in einem sexuellen Zusammenhang etwa).	-0,166666667
 Es gibt keinen Genderpaygap, der Erwerbsunterschied spiegelt in etwa dem Leistuns-, Verantwortungs und Studenunterschied wider.	-0,125
 Es gibt nur deshalb weniger Frauen in naturwissenschaftlichen Berufszweigen, weil diese von kleinauf entsprechend konditioniert werden.	-0,25
 Es gibt Vorurteile gegenüber Frauen in Managerpositionen.	-0,166666667
 Es gibt zu wenig Frauen in Führungspositionen, selbst in Branchen in denen die Mehrheit Frauen sind.	-0,291666667
 Es ist nicht möglich eine Gleichberechtigung zwischen Männern und Frauen zu erreichen, da Frauen keine klare Definition von Gleichberechtigung kennen.	0,541666667
 Es ist überflüssig und kontraproduktiv, auf geschlechtlich gleichmäßige Belegung aller Berufsfelder zu beharren.	0,041666667
 Es mangelt der Bewegung des Feminismus an einem Ziel.	0,083333333
 Es muss mehr dafür getan werden, dass Männer im Durchschnitt genauso alt werden wie Frauen.	-0,208333333
 Es sollte der Gesellschaft selbst ueberlassen sein, wie die Verteilung der Geschlechter in welchen Gebieten aussieht	-0,208333333
 Es sollte mehr Aufklärung für Leute ab 40 geben, was Gleichstellung eigentlich ist.	-0,291666667
 Es wird kein Mädchen/keine Frau vom Karrierewunsch bei der Polizei abgeschreckt. Die Namensgebung der Berufsfelder spielt keine Rolle.	-0,333333333
 Familienleben und Kindererziehung funktioniert besser, wenn einer der beiden Partner nicht berufstätig ist.	-0,25
 Feminismus braucht man heute nicht mehr.	-0,083333333
 Feminismus existiert nur, um hässliche Frauen in die Gesellschaft zu integrieren.	0,791666667
 Feminismus hilft allen Menschen	-0,291666667
 Feminismus ist für die absolute Gleichstellung der Geschlechter und demnach notwendig.	-0,291666667
 Feminismus ist kein notwendiger Aktivismus. Frauen geht es doch gut.	0,25
 Feminismus ist nach wie vor notwendig.	-0,5
 Feminismus ist nicht gut, da die Bewegung nur für die Rechte der Frauen kämpft, anstatt was viele Feministinnen auch wollen, die Gleichberechtigung der Männer.	-0,125
 Feminismus ist nicht mehr nötig in Europa.	0,083333333
 Feminismus ist nichts anderes als gesellschaftliche Hysterie.	0,416666667
 Feminismus verhält sich zur Befürwortung der Gleichberechtigung der Geschlechter so, wie sich militanter Rechtsextremismus zum Rechtsliberalismus verhält.	0,291666667
 Feminismus vertritt nur ein spezielles Lebensmodell und steht nicht für alle Frauen - insbesondere benachteiligt es andere Lebensmodelle als eine kinderlose Karriere.	-0,125
 Feminismus wird in Deutschland nicht mehr benötigt.	0,291666667
 Feminist*innen gehen zu weit/übertreiben.	0,125
 Feministen sind ausschließlich oder überwiegend angetrieben durch Männerhass.	0,416666667
 Feministen sind für Männer eine ernste Gefahr.	0,25
 Feministen sind männerhassende Frauen, die selber kein Glück im Leben gefunden haben.	0,416666667
 Feministen sind unrasiert, untervögelte Alt-hippies.	0,583333333
 Feministinnen fordern Gleichberehcitgung in der Öffentlichkeit, wünschen sich heimlich den gangbang mit negern.	0,833333333
 Feministinnen sind Abschaum, die das Volk vernichten wollen.	0,875
 FeministInnen sind Männerhasser.	0,166666667
 Forderungen nach geschlechtergerechter Sprache sind zu unterstützen.	-0,5
 Frauen altern wie Milch, Männer altern wie Wein.	0,458333333
 Frauen bereichern zwar die Bundeswehr (menschlich) aber haben da eigentlich nichts verloren. (u.a. wegen dem Beschützerinstinkt der Kameraden in kritischen Situationen)	0,458333333
 Frauen brauchen keinen Feminismus, weil sie hier doch nicht mehr unterdrückt werden.	0,041666667
 Frauen die sich sexy kleiden müssen sich nicht wundern wenn der Ali über sie herfällt.	0,708333333
 Frauen erfinden Vergewaltigungen/sexuellen Missbrauch nur für Aufmerksamkeit (#metoo).	0,625
 Frauen gehen meist viel schlimmer mit anderen Frauen um als Männer mit Frauen umgehen.	0,166666667
 Frauen gehen öfter fremd als Männer.	0,333333333
 Frauen gehören in die Küche.	0,833333333
 Frauen gehören nicht in Kampfeinheiten bei der Armee.	0,583333333
 Frauen gehört das Wahlrecht entzogen.	0,625
 Frauen haben die gleichen Rechte, also ist Diskriminierung vorbei.	-0,208333333
 Frauen haben doch alle Rechte die Männer auch haben.	-0,083333333
 Frauen haben einen signifikant geringeren Durchsetzungswillen.	0,5
 Frauen haben es im Leben einfacher.	0,25
 Frauen haben es sehr viel härter als Männer um sowohl Beruf als auch Familie/Kinder zu vereinen.	-0,25
 Frauen haben im Schnitt weniger Interesse an und weniger Opferbereitschaft für ihre Karriere. Daher erreichen sie im Schnitt weniger als Männer.	0,083333333
 Frauen haben im statischen Mittel ein kleineres Allgemeinwissen.	0,625
 Frauen haben in der heutigen Gesellschaft teils leichter in manchen Gebieten, aber in anderen widerrum schwerer.	-0,25
 Frauen haben in gewissen Berufen nichts zu suchen.	0,583333333
 Frauen haben Menstruation, darum können sie nur drei Wochen im Monat arbeiten.	0,625
 Frauen haben schlechtere Chancen auf dem Arbeitsmarkt.	0,125
 Frauen haben sehr große Vorteile bei Gerichtsentscheidungen über den Verbleib der eigenen Kinder.	0,125
 Frauen haben weniger Rechte.	0,083333333
 Frauen in anderen Ländern dürfen nicht mal wählen, deshalb sollte der Feminismus in Deutschland keine Forderungen stellen	0,541666667
 Frauen in führenden Positionen haben häufig komplizierte Persönlichkeiten.	0,458333333
 Frauen in Kampfsituationen rufen in Männern den Beschützerinstinkt wach.	-0,125
 Frauen in Uniformen kann man nicht respektieren (sieht aber gut aus).	0,875
 Frauen könne ohne Kinder glücklich sein.	-0,791666667
 Frauen können das gleiche leisten. SOLLTEnes aber auch. Ein einfordern von Vorteilen ist KEINE Gleichstellung.	0,208333333
 Frauen können das Selbe leisten wie Männer.	-0,375
 Frauen können mittlerweile in Deutschland alles erreichen, aber sie müssen viel besser sein als gleichrangige Männer.	-0,125
 Frauen können nichts und sind zu dumm	0,958333333
 Frauen können sich besser um Kinder und Familie kümmern, es liegt in ihrer Natur.	0,166666667
 Frauen können so viel Sex mit so vielen Partnern haben, wie sie wollen, und sind dennoch keine "Schlampen", "billig" etc.	-0,333333333
 Frauen leiden häufiger als Männer an psychischen Krankheiten.	0,208333333
 Frauen leisten überall das gleiche	-0,5
 Frauen müssen alles können und machen: Job, Familie, Haushalt.	0,125
 Frauen müssen gefördert werden.	-0,333333333
 Frauen müssen ihre Wünsche auch stärker einfordern.	0,125
 Frauen müssen mehr leisten als ihre männlichen Kollegen, um als genau so kompetent wahrgenommen zu werden.	-0,166666667
 Frauen müssen nur mehr Berufe ergreifen, die bisher überwiegend von Männern ausgeübt werden, um mehr Geld zu verdienen.	0,25
 Frauen nach wie vor weit davon entfernt gleichberechtigt zu sein	-0,291666667
 Frauen neigen aus biologischen Gründen dazu untreu zu sein, wenn sie denken, dass ihnen ein anderer Mann mehr ressourcen geben kann. Frauen als (sexuelle) Schlampen zu bezeichnen ist also korrekt (sexuelle Schlampe drückt genau dieses man-hopping aus).	0,666666667
 Frauen raus aus technischen Berufen.	0,75
 Frauen ruinieren oft den größten Spaß.	0,5
 Frauen schlafen sich hoch und schreien hinterher Belästigung, wenn es nicht gut läuft.	0,75
 Frauen setzen ihren Körper ein um beruflich voran zu kommen. Dann wundern sie sich, dass man sie als schlampen bezeichnet.	0,583333333
 Frauen sind (im Durchschnitt) dümmer als Männer.	0,833333333
 Frauen sind bei Sorgerechtsfragen privilegiert.	0,041666667
 Frauen sind bereits gleichgestellt.	-0,041666667
 Frauen sind dazu da Kinder zu gebären.	0,833333333
 Frauen sind emotional unberechenbarer.	0,375
 Frauen sind für die Erziehung der Kinder im ersten Lebensjahr verantwortlich.	-0,041666667
 Frauen sind gesellschaftlich nicht gleichgestellt.	-0,208333333
 Frauen sind grundsätzlich in der Lage alles zu tun was Männer auch können, wenn man von rein physischen Unterschieden (z.B. Körperkraft, Größe) absieht.	-0,625
 Frauen sind im Durchschnitt (!) emotionaler und sensibler als Männer.	-0,583333333
 Frauen sind im Durchschnitt (!) weniger geeignet für die Bundeswehr. Aber die Frauen, die geeignet und gewillt sind, dürfen teilnehmen, genauso wie die Männer, die nicht geeignet oder gewillt sind, nicht teilnehmen müssen.	-0,125
 Frauen sind im durchschnitt schwächer als Männer in physischen Aspekten.	-0,125
 Frauen sind in unserer Gesellschaft benachteiligt.	-0,458333333
 Frauen sind in vielen Berufen immer noch unterrepräsentiert und das liegt beileibe nicht nur an fehlendem Interesse an diesen Berufen.	-0,375
 Frauen sind körperlich schwächer als Männer und können in der Bundeswehr nicht mithalten.	0,208333333
 Frauen sind körperlich schwächer und psychisch labiler als Männer und stören die Dynamik in reinen Männergruppen. Bundeswehr und Polizei leisten ohne Frauen daher bessere Arbeit.	0,5
 Frauen sind körperlich schwächer, daher auch die Trennung bei Sportarten.	-0,25
 Frauen sind Männern geistig in einigen Bereichen unterlegen	0,791666667
 Frauen sind Minderleister in unseren Gesellschaften.	0,708333333
 Frauen sind naiver als Männer, was sie zu Opfern macht.	0,583333333
 Frauen sind nicht schwach und sollten sich so auch nicht fühlen.	-0,708333333
 Frauen sind nicht weniger leistungsfähig als Männer.	-0,583333333
 Frauen sind physisch und psychisch nicht für harte Arbeit geschaffen.	0,541666667
 Frauen sind stark und sie im Team zu haben macht jedes wirtschaftliche wie soziale Unternehmen stärker.	-0,833333333
 Frauen sind trotz gesetzlicher Gleichberechtigung im Alltag nicht komplett gleichberechtigt.	-0,375
 Frauen sollen das gleiche machen dürfen wie Männer.	-0,708333333
 Frauen sollen frei und ohne jeden Einfluss von Feministen über ihr Leben entscheiden können. Wenn sie Hausfrauen werden wollen dann ist das in Ordnung. Wenn sie Models werden wollen dann ist das auch in Ordnung. Und dasselbe wenn sie ingenieur werden wollen.	-0,541666667
 Frauen sollte das Wahlrecht entzogen werden.	1
 Frauen sollten bei Beruf oder Politik nicht deshalb bevorzugt werden, weil sie eine Frau sind. Die Qualifikation ist wichtiger.	-0,541666667
 Frauen sollten die Ungleichbehandlung von Männern anerkennen, da sie auch an Ungleichberechtigung leiden wie z.B das sie aufgrund der gesellschaftlich festgelegten Rolle verschlossen über ihren Gefühlen und Problemen sind.	-0,125
 Frauen sollten für die gleiche Arbeit weniger Geld. verdienen (weil sie häufiger ausfallen und dann doch nicht die gleiche Arbeit leisten).	0,916666667
 Frauen sollten Kinder erziehen anstatt zu arbeiten.	0,583333333
 Frauen sollten nicht benachteiligt werden, nur weil sie Kinder bekommen könnten.	-0,416666667
 Frauen sollten sich in Punkt Beruf & Karriere mehr zutrauen.	-0,166666667
 Frauen sollten wieder ihre klassische Geschlechterrolle ausüben.	0,75
 Frauen tendieren dazu links zu wählen, Männer relative dazu rechts.	0,25
 Frauen übernehmen immer noch große Teile der Kindererziehung.	-0,333333333
 Frauen und Maenner sich bereits gleichberechtigt, denn es existieren keine Gesetze, die eins dem anderen ueberlegen darstellen.	-0,083333333
 Frauen und Männer haben (statistisch betrachtet) stark unterschiedliche Interessen, daher sind Initiativen wie Girls' day nutzlos.	0,25
 Frauen und Männer sind aus biologischer Sicht grundverschieden und benötigen deshalb auch unterschiedliche Rechte.	0,25
 Frauen und Männer sind biologisch verschieden	-0,041666667
 Frauen und Männer sind körperlich sowie psychisch nicht immer gleich.	-0,541666667
 Frauen und Männer sind nicht gleich und sollten nicht gleich behandelt werden.	0,125
 Frauen und Männer sind nicht grundsätzlich gleich und können auch nicht grundsätzlich das Gleiche, sollten aber die gleichen Chancen und Möglichkeiten haben.	-0,583333333
 Frauen und Männer sind rein körperlich unterschiedlich leistungsfähig und daher im Durchschnitt für unterschiedliche Berufe geeignet.	0
 Frauen und Männer sollen für dasselbe Verbrechen gleichermaßen hart bestraft werden.	-0,583333333
 Frauen und Männer sollen vor dem Staat gleiche Rechte und Pflichten haben.	-0,75
 Frauen und Männer sollten die gleichen Rechten und Pflichten haben.	-0,708333333
 Frauen und Männer sollten in der Gesellschaft gleichbehandelt werden.	-0,541666667
 Frauen und Männer sollten in Unternehmen und Führungspositionen zu 50% vertreten sein.	-0,083333333
 Frauen verdienen im Schnitt weniger, da sie andere Berufskategorien wählen als Männer.	-0,125
 Frauen weigern sich bei der Geschlechterdiskussion professionelle Argumentationsweisen zu übernehmen, sondern argumentieren unpräzise, sichtbar voreingenommen und emotional.	0,75
 Frauen werden aktuell überall bevorzugt behandelt	0,166666667
 Frauen werden in der Gesellschaft benachteiligt.	-0,458333333
 Frauen werden in der Werbung, Medien, Filmen und Unterhaltung immer noch sehr sexistisch dargestellt und zu Objekten gemacht.	0,208333333
 Frauen werden in Deutschland nicht diskriminiert, sondern bevorzugt.	0,291666667
 Frauen werden ständig sexuell belästigt.	0,208333333
 Frauen wollen maskuline Männer, die traditionellen Werten (Stoisch, entschlossen, hohes Selbstbewusstsein, Macher-Typ) entsprechen. Selbst wenn sie behaupten, dass Schwäche akzeptabel und menschlich ist, werden Zeichen von Schwäche weiterhin massiv sozial abgestraft.	0,166666667
 Frauen wurden in großen Teilen der Geschichte unterdrückt.	-0,333333333
 Frauenförderung hat fast nur Nachteile für die Gesellschaft (Kinderlosigkeit, abnehmen der Produktivität).	0,625
 Frauenquote ist nötig.	0,083333333
 Frauenquote ist notwendig. Punkt!	-0,125
 Frauenquote macht Sinn bzw. wirkt.	-0,375
 Frauenquote muss überall sein	0,041666667
 Frauenquote vor Qualifikation.	-0,208333333
 Frauenquoten behindern die echte Gleichstellung der Geschlechter.	0,125
 Frauenquoten führen dazu das die Vergabe von Jobs nicht primär nach Können und Leistung erfolgt.	-0,208333333
 Frauenquoten führen dazu, dass unqualifizierte Personen aufgrund Ihres Geschlechts an Posten kommen, die andere besser besetzen könnten.	0,125
 Frauenquoten helfen der Gleichstellung.	-0,375
 Frauenquoten in Aufsichtsräten fördern die Gleichberechtigung.	-0,291666667
 Frauenquoten sind kosmetische Zwangsmaßnahmen und stellen eine Form der Diskiminierung dar.	0,416666667
 Frauenquoten sind notwendig.	-0,25
 Frauenquoten sind quatsch.	0,291666667
 Frauenquoten sind sinnvoll und notwendig.	-0,291666667
 Für Frauen in der Bundeswehr sollten hinsichtlich köperlicher Leistungsfähigkeit exakt dieselben Kriterien gelten wie für Männer, selbst dann, wenn dadurch keine einzige Frau qualifiziert ist.	-0,083333333
 Für viele Führungspositionen sind Männer besser geeignet.	0,208333333
 Gegenderte Begriffe wie mansplaining oder manspreading sind sexistisch und basieren auf falschen Prämissen.	-0,291666667
 Gehälter von Frauen müssen jenen von Männern bei gleicher Arbeit in allen Belangen gleichgestellt werden.	-0,458333333
 Genderforschern geht es in erster Linie nicht um das Herstellen von Gleichcheit, sondern um ihr eigenes Geltungsbedürfnis.	-0,041666667
 Genderforschern und Befürwortern geschlechtergerechter Sprache wird aufgrund falscher politischer Korrektheit Gehör geschenkt.	-0,041666667
 Gendergerechte Sprache ist unpraktisch und ist zuwider der intuitiven Nutzung von Sprache.	-0,125
 Gendergerechte Sprache zieht Menschen mit echten Problemen was ihre Sexualität angeht gesamtgesellschaftlich nur ins lächerliche.	-0,041666667
 Gendermainstreaming bedeutet idr nur Nachteile für cis-gender Männer. An Universitäten gibt es idr nur Kurse speziell für Frauen, aber keine nur für Männer. Eine Teilnahme für Männer an Frauenkursen ist untersagt auch wenn dies inhaltlich keinen Sinn macht.	0,041666667
 Gendermainstreaming ist quatsch.	0,208333333
 Genderstudies sind absoluter Quatsch.	0,291666667
 Geschlechterangleichung in der Sprache ist überflüssig.	-0,166666667
 Geschlechterpolitik gründet zur Zeit auf Lobbyismus für Eigeninteressen und nur wenig auf gesellschaftlichen Wahrheiten.	0
 Geschlechterquoten ist gerecht.	-0,166666667
 Geschlechtsangleichende Operationen sind der beste/einzige Weg Gender Dysphoria zu bewältigen.	-0,25
 Gesellschaftlich genießen Frauen etliche Vorteile einfach durch die wohlwollende Wahrnehmung anderer Menschen.	0,458333333
 Gleich geschlechtliche ehe sollte verboten werden.	-0,041666667
 GleichbeRECHTigung (equality of opportunity) ist erstrebenswert, aber sicherzustellen, dass Männer und Frauen in allen Sektoren gleich stark vertreten sind (equality of outcome), ist nicht erstrebenswert.	-0,083333333
 Gleichberechtigung ist bereits seit 40 Jahren realität. Heute geht es dem Feminismus nur noch um Hetze gegen Männer und andersdenkende.	0,333333333
 Gleichberechtigung ist bereits Staatsform. Gleichstellung ist totalitäre Tyrannei.	0,333333333
 Gleichberechtigung ist eine menschenrechtliche Frage	-0,625
 Gleiche Gehälter und Chancen in der Arbeitswelt sind der Schlüssel zur tatsächlichen Gleichstellung	-0,583333333
 Gleiches Geld für gleiche Arbeit, unabhängig vom Geschlecht.	-0,833333333
 Gleichgeschlechtliche Paare können einem Kind genauso gute Eltern sein wie Frau und Mann.	-0,541666667
 Gleichstellung bedeutet tatsächlich bloß "Bevorzugung der Frauen".	0,25
 Gleichstellung der Geschlechter ist eine Überbevorteilung von Frauen	0,458333333
 Gleichstellung ist dann erreicht, wenn Männer und Frauen das Selbe verdienen.	-0,333333333
 Gleichstellung ist gerecht.	-0,458333333
 Gleichstellung muss durch politische Mittel erzwungen werden, z.B. Frauenquote, Frauenbeauftragte etc.	-0,166666667
 Gleichstellung und "Gleichberechtigung" sind verschiedene Sachen. Gleichberechtigung ist notwendig und erwünscht. Gleichstellung (Die erzwungene Gleichmachung) ist dagegen unerwünscht.	-0,291666667
 Gleichtstellung ist quängeln nach Status.	0,541666667
 Gleichwertigkeit ist nochmal was anderes (und viel wichtiger!) als Gleichstellung	-0,333333333
 Hauptproblem für eine Gleichbehandlung ist die besondere Rolle, die der Frau in der Zeugung und Erziehung von Kindern zukommt.	-0,166666667
 Hausfrauen begehen aktiv Verrat am eigenen Geschlecht.	0,708333333
 Hausfrauen können keine Feministinnen sein.	0,25
 Häuslicher (psychischer) Missbrauch wird auch von Frauen verübt.	-0,041666667
 Hinter jedem starkem Mann steht eine starke Frau. aber nicht davor.	0,541666667
 Hübsche Frauen brauchen sich im Leben nicht anstrengen. Deswegen gibt es nur hässliche bratzen in MINT Fächern.	0,625
 Im Anbetracht von Jahrhunderten der Diskriminierung ist es nicht genug jetzt Gleichheit herzustellen, es muss dafür gesorgt werden dass alle Geschlechter die gleichen Startvorraussetzungen haben	-0,375
 Im Falle eines Sorgerechtstreites sollten Mütter immer oder eher das alleinige Recht haben.	0
 Im kommenden Bürgerkrieg werden Verräter als erstes vernichtet. Genderisten und Feministen stehen ganz oben auf der Liste.	0,666666667
 In der Erziehung sollten Vater und Mutter bzw. Mann und Frau gleich viel Einfluss nehmen.	-0,375
 In der Politik werden die Belange von Männern und Jungen im speziellen kaum beachtet	-0,125
 In der Unterschicht herrscht eine höhere Rollenidentifikation beider Geschlechter.	0,041666667
 In der Wirtschaft braucht es zumindest eine Zeit lang eine Frauenquote.	-0,125
 In Texten müssen alle Personen auch immer mit *innen genannt werden um Frauen nicht zu diskriminieren	-0,041666667
 Jeder Mensch, egal welches Geschlecht, sollte die gleichen Möglichkeiten in allen Lebenslagen haben.	-0,625
 Jeder, der für die Gleichberechtigung von Frauen und Männern ist, ist Feminist (per Definition).	0,083333333
 Jungs brauchen Männer als Vorbilder und Frauen können dies in keinem Fall ersetzen. Kinder, die ohne eine Vater-Rolle aufwachsen haben oft Probleme/sind schlechter sozial angepasst	0,166666667
 Karrierefrauen sind Zicken.	0,375
 Keine Frauen im Bundestag.	0,625
 Kinder gehören immer zur Mutter.	0,125
 Kinder sollen Beta-Blockers bekommen damit sie sich entscheiden können, ob sie männlich oder weiblich sein möchten.	-0,333333333
 Kindererziehung liegt Frauen einfach mehr.	0,125
 Kritk an Gleichstellungspolitik entsteht ausschließlich oder überwiegend aus Frauenhass.	-0,041666667
 Kulturelle Faktoren erklären den Großteil der Verhaltensunterschiede zwischen Frau und Mann.	-0,583333333
 Künstlich geschaffene geschlechtsneutrale Endungen und Berufsbezeichnungen (zB. Bäcker_in, Postbot_x, PolizistIn) sind überflüssig. Legislative Eingriffe stehen der natürlichen Entwirklung der Sprache entgegen.	-0,083333333
 Legalisierung von Prostitution erniedrigt Frauen.	-0,125
 Leistung muss geschlechtsneutral betrachtet werden, Frauen dürfen keinen Vorteil, aber auch kein Nachteil auf Grund des Geschlechts haben.	-0,625
 Leistung und Eignung vor Quotenregelung.	-0,75
 Mädchen mögen lieber Pink, Jungen mögen lieber Blau.	0,166666667
 Mädchen spielen lieber mit Puppen, Jungen spielen lieber mit Autos.	0,166666667
 Männer die sich gegen Feminismus als solchen aussprechen haben Sorge, ihre "gottgegebene" Herrschaft über die Frau zu verlieren.	-0,333333333
 Männer dürfen auch Gefühle zeigen.	-0,5
 Männer erhalten seltener das Sorgerecht, egal ob sie besser geeignet wären.	-0,458333333
 Männer erkennen die Existenz eines systemischen Patriarchats an.	-0,208333333
 Männer fühlen sich von Frauen in Führungspositionen bedroht.	-0,25
 Männer geben sich bei Beziehungen nicht so viel Mühe wie Frauen.	-0,166666667
 Männer haben aufgrund von toxischer Männlichkeit(sbilder) nicht die Möglichkeit eine eigene Geschlechterrolle anzunehmen	-0,041666667
 Männer haben durchschnittlich höhere Einkommen weil sie oft unbequemere aber besser bezahlte Jobs annehmen als Frauen.	0
 Männer können sich im Berufsleben besser durchsetzen.	0,041666667
 Männer müssen Fußball gut finden.	-0,541666667
 Männer sind das Problem der Ungleichbehandlung.	-0,291666667
 Männer sind extremer (andere Normalverteilung), was dazu führt, dass sie sowohl in der Spitze als auch am Boden der Gesellschaft überrepräsentiert sind.	-0,041666667
 Männer sind für Führungrollen grundsätzlich besser geeignet.	0,25
 Männer sind im Allgemeinen stärker als Frauen	0,291666667
 Männer sind im Bereich Erziehung an der falschen Stelle.	-0,083333333
 Männer sind im Durchschnitt egoistischer, weniger empathisch und moralisch schlechtere Menschen als Frauen.	-0,416666667
 Männer sind im Schnitt biologisch intelligenter.	0,625
 Männer sind in der Regel intelligenter als Frauen.	0,666666667
 Männer sind in Führungspositionen immer erfolgreicher als Frauen.	0,583333333
 Männer sind intelligenter als Frauen.	0,708333333
 Männer sind schlauer als Frauen.	0,708333333
 Männer sind Schweine.	-0,291666667
 Männer sind selten gute Feministen (auch wenn sie sich dafür halten) und sollten aus den Debatten herausgehalten werden.	-0,166666667
 Männer sind von Natur aus schon anders als Frauen.	0
 Männer sollten die gleichen Chancen haben, das Sorgerecht für Kinder im Scheidungsfall zu erhalten, wie Frauen.	-0,333333333
 Männer tendieren von ihren persönlichen Interessen her eher zu Naturwissenschaft und Technik als Frauen.	-0,5
 Männer und Frauen sind absolut gleich.	-0,458333333
 Männer und Frauen sind bereits gleichberechtigt.	-0,041666667
 Männer und Frauen sind gleich intelligent.	-0,791666667
 Männer und Frauen sind in einer traditionellen Familie am glücklichsten.	-0,208333333
 Männer und Frauen sind verschieden.	-0,416666667
 Männer und Frauen sind wortwörtlich gleich ("Wir sind alles nur Menschen!")	-0,375
 Männer und Frauen sind, bis auf äußere Merkmale, gleich.	-0,166666667
 Männer und Frauen sollten bei gleicher Qualifikation, Erfahrung und Eignung das gleiche Einkommen haben.	-0,625
 Männer und Frauen sollten im Job gleich behandelt werden.	-0,458333333
 Männer unter sich sind produktiver/geordneter. Beispiel das Inselexperiment, wo strikt nach Männern/Frauen getrennt wurde.	0,25
 Männer verdienen mehr, weil sie besser arbeiten.	0,541666667
 Männer verdienen oft besser, dafür haben Frauen es in Beziehungen und im Sozialleben einfacher.	0,125
 Männer verdienen oft gerechterweise mehr, da sie in Gehaltsverhandlungen aggressiver sind.	0,083333333
 Männer werden bei bestimmten Bereichen, wie Militätdienst oder Sorgerecht benachteiligt.	-0,25
 Männer werden im Bildungssystem Schule nicht benachteiligt.	-0,291666667
 Männer, die Emotionen zeigen, sind Schwächlinge.	-0,125
 Männer, die sich um Kinder und Haushalt kümmern, sind Weicheier.	-0,125
 Männerhass ist nicht mal illegitim.	0
 Maskulinismus, GamerGate und ähnliche Strömungen sind oft kaum verhohlener Frauenhass.	-0,041666667
 Maßnahmen zur Gleichstellung sind unnötig.	0,166666667
 Masturbation und Erwähnen der Intimbereiche ist etwas, was die Gesellschaft nur mit Jungs in Verbindung bringt und nicht mit Mädchen, sodass letztere ohne dieses Bewusstsein aufwachsen und im späteren Leben "ins kalte Wasser geschmissen werden".	-0,041666667
 Men's rights Typen sollten alle in den Knast.	-0,208333333
 Menschen sollen nicht aufgrund ihrer Genitalien anders behandelt werden	-0,416666667
 Moderner Femismus ist gekennzeichnet durch Hass gegen Männer.	0,083333333
 Moderner Femismus wir immer mehr zum Männerhass.	0,083333333
 Muslime behandeln Frauen schlecht.	-0,125
 Mütter sollten zu Hause bleiben und sich um das Kind kümmern.	0,625
 Mutter zu sein sollte für Frauen viel wichtiger sein, als Karriere zu machen, weil Kinder für das Frauenglück enorm wichtig sind.	0,375
 Nach einer Trennung gehören die Kinder zur Mutter.	-0,208333333
 Nicht alle Männer sind technisch begabt.	-0,416666667
 Patchwork-Familien und Single-Mütter sind sub-optimal im Vergleich zu normalen, stabilen Ehen.	0,083333333
 Personen die sich für den Feminismus einsetzen sollte man vergasen.	0,75
 Positive Diskriminierung ist notwendig / gut.	0,291666667
 Sexismus ist allgegenwärtig.	-0,5
 Sexismus und Antifeminismus werden ausschließlich von Männern vertreten	-0,166666667
 Sexismus wird als Mittel der Machterhaltung eingesetzt.	-0,208333333
 Solange ein Macho in einem Führunsteam ist, haben Frauen es schwer.	-0,208333333
 Spezielle Geschlechterquoten sind unnötig und kontraproduktiv.	0
 Sprachliche Gleichstellung ist ein unnötiger Aufwand, da diese keine Auswirkung auf reale Gleichstellung hat.	-0,458333333
 Statistisch können Frauen mit Stresssituationen schlechter umgehen als Männer.	0,333333333
 Studiengänge mit einem Frauenüberschuss wie Psychologie sollten eine Männerquote erhalten.	-0,291666667
 Technische Affinität sollte nicht nur Männern zugeschrieben werden.	-0,333333333
 Titel, Amtsbezeichnungen und feste Begriffe, z.B. Vaterland, Dienstgrade oder Kanzler, sollen nicht an Geschlechter angepasst werden.	-0,25
 Traditionell männliche und weibliche Eigenschaften sind gleich viel wert und müssen je nach Situation abgewogen werden.	-0,416666667
 Um den Gendergap zu verringern müssen frauentypische Berufe, z.B. in der Pflege und Erziehung, besser bezahlt werden.	-0,166666667
 Um die strukturelle Benachteiligung von nicht-männlichen Personen zu bekämpfen, ist ein gesellschaftlicher Wandel nötig.	-0,375
 Unangenehm lange Umarmungen oder Blicke oder Hinterherschauen stellen sexuelle Belästigungen dar oder sollten strafrechtlich relevant sein.	-0,166666667
 Unter der Annahme das geschlechtergerechte Sprache sinnvoll oder notwendig ist, sind Binnen-I oder Genderstern die besten Lösungen.	-0,291666667
 Väter müssen im gleichen Umfang wie Mütter Verantwortung für ihre Kinder übernehmen.	-0,583333333
 Verlangen nach einem Weltmännertag ist dumm.	-0,583333333
 Viele der Nachteile, die Frauen in Deutschland haben (GPG, versteckte Einstellungshürden), sind auf gesellschaftliche Erwartungshaltungen bei der Kinderbetreuung zurückzuführen.	0
 Viele Frauen fordern Gleichstellung, meinen aber damit eine Bevorteilung.	0,416666667
 Vor der Justiz werden Männer und Frauen gleich behandelt.	-0,5
 Wenn eine Frau sich freizügig kleidet, ist sie selber schuld, wenn sie begrapscht oder vergewaltigt wird.	0,958333333
 Wenn Frauen frei entscheiden könnten würden sie zum grossen Teil keine Männerberufe wählen.	0
 Wenn Frauen nicht streng erzogen werden neigen sie zu asozialen und hysterischen Verhaltensweisen (sieht man an den 68ern). Männer haben dagegen eine natürliche Moral.	0,791666667
 Wenn Frauen sich nur anstrengen, können sie genauso viel schaffen wie Männer.	-0,208333333
 Wenn künstliche Gebärmuttern verfügbar sind, werden Frauen weitesgehend nutzlos sein.	0,833333333
 Wie legen mehr Wert auf die Gesundheit von Frauen als auf die von Männern.	-0,208333333
 Wir brauchen eine nicht-geschlechtliche Gesellschaft.	-0,25
 Wir müssen weiter über Feminismus reden, um die Gleichstellung voran zu bringen.	-0,541666667
 Wörter wie "Krankenschwester" stempeln das Berufsbild als "Frauenberuf" ab.	0
 Zu viele Frauen in Erziehungsberufen führen zu mangelnden männlichen Vorbildern und Bezugspersonen.	-0,333333333
 Zwischen Männern und Frauen gibt es Unterschiede, die sich nicht auf den Fortpflanzungsapparat beziehen und nicht durch Sozialisierung erklärbar sind.	-0,333333333